contig,start,stop,target,context,overflow,orientation,basesDiffToClosestHit,closestHitCount,0-1-2-3-4_mismatch,DoenchCFD_maxOT,DoenchCFD_specificityscore,Hsu2013,otCount,del_start,PBS_len,RTT_len,DeepSpCas9
MAPK1_PRIME-Del_example_start,66,89,ATAAAATGTGAGATTACAAAGGG,AATAAAATAAAATGTGAGATTACAAAGGGAATCAG,OK,FWD,4,1,"1,0,0,0,1",0.2159779614479338,0.8223833257711706,98.7584950397269,2,45039,11,30,75.28160095214844
MAPK1_PRIME-Del_example_start,195,218,TGTAATTTCAAAGTGTTGATGGG,AAGCACTGTAATTTCAAAGTGTTGATGGGTATAGA,OK,FWD,4,1,"1,0,0,0,1",0.0655462183949579,0.9384858044978182,99.69618957050992,2,45168,11,30,60.216068267822266
MAPK1_PRIME-Del_example_start,1153,1176,AATACCACCTTCTTAGAGAGAGG,CCATTAAATACCACCTTCTTAGAGAGAGGTCCACA,OK,FWD,4,1,"1,0,0,0,1",0.1777343750820312,0.8490878938048728,99.7230061704828,2,46126,11,30,58.95682907104492
MAPK1_PRIME-Del_example_start,1588,1611,CTCCTAAGAATTCTGTTTTTTGG,CTCAAGCTCCTAAGAATTCTGTTTTTTGGCCGGGC,OK,FWD,4,4,"1,0,0,0,4",0.1075630252840336,0.8011106621524279,99.410615515565,5,46561,11,30,38.341400146484375
MAPK1_PRIME-Del_example_start,222,245,GATATTTCAAGAATTATAACTGG,GGTATAGATATTTCAAGAATTATAACTGGTCTCCC,OK,FWD,4,4,"1,0,0,0,4",0.0584999999999999,0.8774185739522165,99.57297250358144,5,45195,11,30,38.00566864013672
MAPK1_PRIME-Del_example_start,987,1010,ATCACCTTTTGTTCTTCCCCTGG,AGTAACATCACCTTTTGTTCTTCCCCTGGACAGGT,OK,FWD,4,2,"1,0,0,0,2",0.1358823528279411,0.8559479651927867,99.65353360017131,3,45960,11,30,37.23070526123047
MAPK1_PRIME-Del_example_start,153,176,ATGCCGTAAATAGCAAGATCAGG,TTACTAATGCCGTAAATAGCAAGATCAGGCAGCAG,OK,FWD,3,1,"1,0,0,1,0",0.1714285713,0.8536585366790602,98.47904584746688,2,45126,11,30,35.48299026489258
MAPK1_PRIME-Del_example_start,1029,1052,ATATTGAACTATCCAGCACCTGG,CCAGCCATATTGAACTATCCAGCACCTGGTACCCA,OK,FWD,4,2,"1,0,0,0,2",0.14583333340625,0.8727272726717356,99.85861771207183,3,46002,11,30,33.24793243408203
MAPK1_PRIME-Del_example_start,992,1015,CTTTTGTTCTTCCCCTGGACAGG,CATCACCTTTTGTTCTTCCCCTGGACAGGTGTAAA,OK,FWD,4,2,"1,0,0,0,2",0.0505747127134099,0.9440970554430264,99.8488852749469,3,45965,11,30,25.760005950927734
MAPK1_PRIME-Del_example_start,1985,2008,AAAAACGGAAGTCTTCACATAGG,TACACCAAAAACGGAAGTCTTCACATAGGAAGAAA,OK,FWD,UNK,0,"1,0,0,0,0",0.0,1.0,100.0,1,46958,11,30,15.786717414855957
MAPK1_PRIME-Del_example_start,1266,1289,TTTTCAATACCATCATTACCTGG,AACTTCTTTTCAATACCATCATTACCTGGTTCCCA,OK,FWD,4,3,"1,0,0,0,3",0.1273772668129146,0.8011009902710106,99.18769985027656,4,46239,11,30,6.3253631591796875
